,,Wk,Date,Time,Team,Opponent,Goals,HomeGround,Avg_Age,%FPla,OppGlsAgst90,AvgGoalsScored_90,GlsRatio,tablePos,points
2018,0,1.0,2018-03-24,14:00,Sandviken,Kolbotn,0,1,26.4,0.20999999999999996,2.0,1.0,0.699999988079071,9.0,18.0
2018,0,1.0,2018-03-24,14:00,Kolbotn,Sandviken,1,0,21.2,0.050000000000000044,1.5,0.800000011920929,0.4000000059604645,10.0,15.0
2018,1,1.0,2018-03-24,15:00,Klepp,Arna-Bjørnar,1,1,25.1,0.26,1.2999999523162842,1.5,1.399999976158142,4.0,40.0
2018,1,1.0,2018-03-24,15:00,Arna-Bjørnar,Klepp,2,0,21.9,0.09999999999999998,1.100000023841858,1.7999999523162842,1.399999976158142,6.0,35.0
2018,2,1.0,2018-03-24,15:00,Grand Bodø,Trondheims-Ørn,2,1,23.4,0.30000000000000004,1.600000023841858,1.399999976158142,0.4000000059604645,11.0,8.0
2018,2,1.0,2018-03-24,15:00,Trondheims-Ørn,Grand Bodø,1,0,21.8,0.0,3.5999999046325684,1.600000023841858,1.0,8.0,30.0
2018,3,1.0,2018-03-24,15:00,Røa,Lyn,1,1,22.7,0.040000000000000036,,1.899999976158142,1.5,5.0,37.0
2018,3,1.0,2018-03-24,15:00,Lyn,Røa,2,0,19.8,0.0,1.2999999523162842,,,,
2018,4,1.0,2018-03-24,17:00,Vålerenga,LSK Kvinner,0,1,25.6,0.22999999999999998,0.800000011920929,1.7000000476837158,1.2000000476837158,7.0,34.0
2018,4,1.0,2018-03-24,17:00,LSK Kvinner,Vålerenga,5,0,24.1,0.21999999999999997,1.5,3.0999999046325684,3.799999952316284,1.0,59.0
2018,6,2.0,2018-03-28,19:00,Arna-Bjørnar,Grand Bodø,5,1,21.9,0.09999999999999998,3.5999999046325684,1.7999999523162842,1.399999976158142,6.0,35.0
2018,6,2.0,2018-03-28,19:00,Grand Bodø,Arna-Bjørnar,0,0,23.4,0.30000000000000004,1.2999999523162842,1.399999976158142,0.4000000059604645,11.0,8.0
2018,7,2.0,2018-03-29,15:00,LSK Kvinner,Sandviken,6,1,24.1,0.21999999999999997,1.5,3.0999999046325684,3.799999952316284,1.0,59.0
2018,7,2.0,2018-03-29,15:00,Sandviken,LSK Kvinner,0,0,26.4,0.20999999999999996,0.800000011920929,1.0,0.699999988079071,9.0,18.0
2018,8,2.0,2018-03-31,15:00,Trondheims-Ørn,Stabæk,1,1,21.8,0.0,1.0,1.600000023841858,1.0,8.0,30.0
2018,8,2.0,2018-03-31,15:00,Stabæk,Trondheims-Ørn,0,0,23.6,0.040000000000000036,1.600000023841858,2.0999999046325684,2.0,3.0,43.0
2018,10,3.0,2018-04-14,14:00,Klepp,Lyn,3,1,25.1,0.26,,1.5,1.399999976158142,4.0,40.0
2018,10,3.0,2018-04-14,14:00,Lyn,Klepp,2,0,19.8,0.0,1.100000023841858,,,,
2018,11,3.0,2018-04-14,15:00,Røa,LSK Kvinner,2,1,22.7,0.040000000000000036,0.800000011920929,1.899999976158142,1.5,5.0,37.0
2018,11,3.0,2018-04-14,15:00,LSK Kvinner,Røa,5,0,24.1,0.21999999999999997,1.2999999523162842,3.0999999046325684,3.799999952316284,1.0,59.0
2018,12,3.0,2018-04-14,15:00,Stabæk,Arna-Bjørnar,2,1,23.6,0.040000000000000036,1.2999999523162842,2.0999999046325684,2.0,3.0,43.0
2018,12,3.0,2018-04-14,15:00,Arna-Bjørnar,Stabæk,2,0,21.9,0.09999999999999998,1.0,1.7999999523162842,1.399999976158142,6.0,35.0
2018,13,3.0,2018-04-15,13:00,Sandviken,Trondheims-Ørn,3,1,26.4,0.20999999999999996,1.600000023841858,1.0,0.699999988079071,9.0,18.0
2018,13,3.0,2018-04-15,13:00,Trondheims-Ørn,Sandviken,1,0,21.8,0.0,1.5,1.600000023841858,1.0,8.0,30.0
2018,14,3.0,2018-04-15,14:00,Grand Bodø,Avaldsnes,0,1,23.4,0.30000000000000004,0.800000011920929,1.399999976158142,0.4000000059604645,11.0,8.0
2018,14,3.0,2018-04-15,14:00,Avaldsnes,Grand Bodø,1,0,24.0,0.43999999999999995,3.5999999046325684,2.299999952316284,3.0,2.0,48.0
2018,15,3.0,2018-04-15,15:00,Vålerenga,Kolbotn,2,1,25.6,0.22999999999999998,2.0,1.7000000476837158,1.2000000476837158,7.0,34.0
2018,15,3.0,2018-04-15,15:00,Kolbotn,Vålerenga,3,0,21.2,0.050000000000000044,1.5,0.800000011920929,0.4000000059604645,10.0,15.0
2018,17,4.0,2018-04-21,13:00,Trondheims-Ørn,Røa,1,1,21.8,0.0,1.2999999523162842,1.600000023841858,1.0,8.0,30.0
2018,17,4.0,2018-04-21,13:00,Røa,Trondheims-Ørn,0,0,22.7,0.040000000000000036,1.600000023841858,1.899999976158142,1.5,5.0,37.0
2018,18,4.0,2018-04-21,15:00,LSK Kvinner,Stabæk,1,1,24.1,0.21999999999999997,1.0,3.0999999046325684,3.799999952316284,1.0,59.0
2018,18,4.0,2018-04-21,15:00,Stabæk,LSK Kvinner,0,0,23.6,0.040000000000000036,0.800000011920929,2.0999999046325684,2.0,3.0,43.0
2018,19,4.0,2018-04-21,15:00,Arna-Bjørnar,Sandviken,1,1,21.9,0.09999999999999998,1.5,1.7999999523162842,1.399999976158142,6.0,35.0
2018,19,4.0,2018-04-21,15:00,Sandviken,Arna-Bjørnar,2,0,26.4,0.20999999999999996,1.2999999523162842,1.0,0.699999988079071,9.0,18.0
2018,20,4.0,2018-04-22,12:30,Klepp,Grand Bodø,6,1,25.1,0.26,3.5999999046325684,1.5,1.399999976158142,4.0,40.0
2018,20,4.0,2018-04-22,12:30,Grand Bodø,Klepp,0,0,23.4,0.30000000000000004,1.100000023841858,1.399999976158142,0.4000000059604645,11.0,8.0
2018,21,4.0,2018-04-22,15:00,Avaldsnes,Vålerenga,0,1,24.0,0.43999999999999995,1.5,2.299999952316284,3.0,2.0,48.0
2018,21,4.0,2018-04-22,15:00,Vålerenga,Avaldsnes,3,0,25.6,0.22999999999999998,0.800000011920929,1.7000000476837158,1.2000000476837158,7.0,34.0
2018,23,5.0,2018-04-28,15:00,Vålerenga,Stabæk,5,1,25.6,0.22999999999999998,1.0,1.7000000476837158,1.2000000476837158,7.0,34.0
2018,23,5.0,2018-04-28,15:00,Stabæk,Vålerenga,0,0,23.6,0.040000000000000036,1.5,2.0999999046325684,2.0,3.0,43.0
2018,24,5.0,2018-04-28,15:00,Sandviken,Avaldsnes,1,1,26.4,0.20999999999999996,0.800000011920929,1.0,0.699999988079071,9.0,18.0
2018,24,5.0,2018-04-28,15:00,Avaldsnes,Sandviken,0,0,24.0,0.43999999999999995,1.5,2.299999952316284,3.0,2.0,48.0
2018,25,5.0,2018-04-28,15:00,Lyn,Arna-Bjørnar,2,1,19.8,0.0,1.2999999523162842,,,,
2018,25,5.0,2018-04-28,15:00,Arna-Bjørnar,Lyn,1,0,21.9,0.09999999999999998,,1.7999999523162842,1.399999976158142,6.0,35.0
2018,26,5.0,2018-04-29,14:00,Kolbotn,LSK Kvinner,0,1,21.2,0.050000000000000044,0.800000011920929,0.800000011920929,0.4000000059604645,10.0,15.0
2018,26,5.0,2018-04-29,14:00,LSK Kvinner,Kolbotn,5,0,24.1,0.21999999999999997,2.0,3.0999999046325684,3.799999952316284,1.0,59.0
2018,27,5.0,2018-04-29,15:00,Trondheims-Ørn,Klepp,0,1,21.8,0.0,1.100000023841858,1.600000023841858,1.0,8.0,30.0
2018,27,5.0,2018-04-29,15:00,Klepp,Trondheims-Ørn,1,0,25.1,0.26,1.600000023841858,1.5,1.399999976158142,4.0,40.0
2018,28,5.0,2018-04-29,17:00,Røa,Grand Bodø,4,1,22.7,0.040000000000000036,3.5999999046325684,1.899999976158142,1.5,5.0,37.0
2018,28,5.0,2018-04-29,17:00,Grand Bodø,Røa,1,0,23.4,0.30000000000000004,1.2999999523162842,1.399999976158142,0.4000000059604645,11.0,8.0
2018,30,1.0,2018-05-01,14:00,Stabæk,Avaldsnes,4,1,23.6,0.040000000000000036,0.800000011920929,2.0999999046325684,2.0,3.0,43.0
2018,30,1.0,2018-05-01,14:00,Avaldsnes,Stabæk,2,0,24.0,0.43999999999999995,1.0,2.299999952316284,3.0,2.0,48.0
2018,32,2.0,2018-05-02,18:30,Lyn,Vålerenga,1,1,19.8,0.0,1.5,,,,
2018,32,2.0,2018-05-02,18:30,Vålerenga,Lyn,1,0,25.6,0.22999999999999998,,1.7000000476837158,1.2000000476837158,7.0,34.0
2018,34,6.0,2018-05-05,15:00,Klepp,Vålerenga,3,1,25.1,0.26,1.5,1.5,1.399999976158142,4.0,40.0
2018,34,6.0,2018-05-05,15:00,Vålerenga,Klepp,0,0,25.6,0.22999999999999998,1.100000023841858,1.7000000476837158,1.2000000476837158,7.0,34.0
2018,35,6.0,2018-05-05,15:00,LSK Kvinner,Trondheims-Ørn,5,1,24.1,0.21999999999999997,1.600000023841858,3.0999999046325684,3.799999952316284,1.0,59.0
2018,35,6.0,2018-05-05,15:00,Trondheims-Ørn,LSK Kvinner,0,0,21.8,0.0,0.800000011920929,1.600000023841858,1.0,8.0,30.0
2018,36,6.0,2018-05-05,15:00,Avaldsnes,Lyn,3,1,24.0,0.43999999999999995,,2.299999952316284,3.0,2.0,48.0
2018,36,6.0,2018-05-05,15:00,Lyn,Avaldsnes,0,0,19.8,0.0,0.800000011920929,,,,
2018,37,6.0,2018-05-05,16:00,Arna-Bjørnar,Kolbotn,1,1,21.9,0.09999999999999998,2.0,1.7999999523162842,1.399999976158142,6.0,35.0
2018,37,6.0,2018-05-05,16:00,Kolbotn,Arna-Bjørnar,1,0,21.2,0.050000000000000044,1.2999999523162842,0.800000011920929,0.4000000059604645,10.0,15.0
2018,38,6.0,2018-05-06,16:00,Grand Bodø,Sandviken,1,1,23.4,0.30000000000000004,1.5,1.399999976158142,0.4000000059604645,11.0,8.0
2018,38,6.0,2018-05-06,16:00,Sandviken,Grand Bodø,3,0,26.4,0.20999999999999996,3.5999999046325684,1.0,0.699999988079071,9.0,18.0
2018,39,6.0,2018-05-06,17:00,Stabæk,Røa,1,1,23.6,0.040000000000000036,1.2999999523162842,2.0999999046325684,2.0,3.0,43.0
2018,39,6.0,2018-05-06,17:00,Røa,Stabæk,3,0,22.7,0.040000000000000036,1.0,1.899999976158142,1.5,5.0,37.0
2018,41,7.0,2018-05-12,14:00,Røa,Avaldsnes,2,1,22.7,0.040000000000000036,0.800000011920929,1.899999976158142,1.5,5.0,37.0
2018,41,7.0,2018-05-12,14:00,Avaldsnes,Røa,0,0,24.0,0.43999999999999995,1.2999999523162842,2.299999952316284,3.0,2.0,48.0
2018,42,7.0,2018-05-12,14:00,Sandviken,Klepp,1,1,26.4,0.20999999999999996,1.100000023841858,1.0,0.699999988079071,9.0,18.0
2018,42,7.0,2018-05-12,14:00,Klepp,Sandviken,0,0,25.1,0.26,1.5,1.5,1.399999976158142,4.0,40.0
2018,43,7.0,2018-05-12,15:00,Lyn,LSK Kvinner,3,1,19.8,0.0,0.800000011920929,,,,
2018,43,7.0,2018-05-12,15:00,LSK Kvinner,Lyn,4,0,24.1,0.21999999999999997,,3.0999999046325684,3.799999952316284,1.0,59.0
2018,44,7.0,2018-05-12,18:30,Kolbotn,Stabæk,1,1,21.2,0.050000000000000044,1.0,0.800000011920929,0.4000000059604645,10.0,15.0
2018,44,7.0,2018-05-12,18:30,Stabæk,Kolbotn,1,0,23.6,0.040000000000000036,2.0,2.0999999046325684,2.0,3.0,43.0
2018,45,7.0,2018-05-13,14:00,Trondheims-Ørn,Arna-Bjørnar,2,1,21.8,0.0,1.2999999523162842,1.600000023841858,1.0,8.0,30.0
2018,45,7.0,2018-05-13,14:00,Arna-Bjørnar,Trondheims-Ørn,6,0,21.9,0.09999999999999998,1.600000023841858,1.7999999523162842,1.399999976158142,6.0,35.0
2018,46,7.0,2018-05-13,17:00,Vålerenga,Grand Bodø,3,1,25.6,0.22999999999999998,3.5999999046325684,1.7000000476837158,1.2000000476837158,7.0,34.0
2018,46,7.0,2018-05-13,17:00,Grand Bodø,Vålerenga,2,0,23.4,0.30000000000000004,1.5,1.399999976158142,0.4000000059604645,11.0,8.0
2018,48,8.0,2018-05-19,14:00,Sandviken,Vålerenga,3,1,26.4,0.20999999999999996,1.5,1.0,0.699999988079071,9.0,18.0
2018,48,8.0,2018-05-19,14:00,Vålerenga,Sandviken,0,0,25.6,0.22999999999999998,1.5,1.7000000476837158,1.2000000476837158,7.0,34.0
2018,49,8.0,2018-05-19,15:00,Avaldsnes,Trondheims-Ørn,2,1,24.0,0.43999999999999995,1.600000023841858,2.299999952316284,3.0,2.0,48.0
2018,49,8.0,2018-05-19,15:00,Trondheims-Ørn,Avaldsnes,0,0,21.8,0.0,0.800000011920929,1.600000023841858,1.0,8.0,30.0
2018,50,8.0,2018-05-19,15:00,Klepp,Røa,2,1,25.1,0.26,1.2999999523162842,1.5,1.399999976158142,4.0,40.0
2018,50,8.0,2018-05-19,15:00,Røa,Klepp,1,0,22.7,0.040000000000000036,1.100000023841858,1.899999976158142,1.5,5.0,37.0
2018,51,8.0,2018-05-19,15:00,Arna-Bjørnar,LSK Kvinner,0,1,21.9,0.09999999999999998,0.800000011920929,1.7999999523162842,1.399999976158142,6.0,35.0
2018,51,8.0,2018-05-19,15:00,LSK Kvinner,Arna-Bjørnar,1,0,24.1,0.21999999999999997,1.2999999523162842,3.0999999046325684,3.799999952316284,1.0,59.0
2018,52,8.0,2018-05-19,15:00,Stabæk,Lyn,5,1,23.6,0.040000000000000036,,2.0999999046325684,2.0,3.0,43.0
2018,52,8.0,2018-05-19,15:00,Lyn,Stabæk,0,0,19.8,0.0,1.0,,,,
2018,53,8.0,2018-05-20,14:00,Grand Bodø,Kolbotn,1,1,23.4,0.30000000000000004,2.0,1.399999976158142,0.4000000059604645,11.0,8.0
2018,53,8.0,2018-05-20,14:00,Kolbotn,Grand Bodø,2,0,21.2,0.050000000000000044,3.5999999046325684,0.800000011920929,0.4000000059604645,10.0,15.0
2018,55,9.0,2018-05-26,12:00,Røa,Arna-Bjørnar,2,1,22.7,0.040000000000000036,1.2999999523162842,1.899999976158142,1.5,5.0,37.0
2018,55,9.0,2018-05-26,12:00,Arna-Bjørnar,Røa,2,0,21.9,0.09999999999999998,1.2999999523162842,1.7999999523162842,1.399999976158142,6.0,35.0
2018,56,9.0,2018-05-26,14:30,Kolbotn,Klepp,3,1,21.2,0.050000000000000044,1.100000023841858,0.800000011920929,0.4000000059604645,10.0,15.0
2018,56,9.0,2018-05-26,14:30,Klepp,Kolbotn,1,0,25.1,0.26,2.0,1.5,1.399999976158142,4.0,40.0
2018,57,9.0,2018-05-26,17:00,Stabæk,Sandviken,0,1,23.6,0.040000000000000036,1.5,2.0999999046325684,2.0,3.0,43.0
2018,57,9.0,2018-05-26,17:00,Sandviken,Stabæk,1,0,26.4,0.20999999999999996,1.0,1.0,0.699999988079071,9.0,18.0
2018,58,9.0,2018-05-27,12:00,Lyn,Grand Bodø,2,1,19.8,0.0,3.5999999046325684,,,,
2018,58,9.0,2018-05-27,12:00,Grand Bodø,Lyn,1,0,23.4,0.30000000000000004,,1.399999976158142,0.4000000059604645,11.0,8.0
2018,59,9.0,2018-05-27,14:30,Vålerenga,Trondheims-Ørn,0,1,25.6,0.22999999999999998,1.600000023841858,1.7000000476837158,1.2000000476837158,7.0,34.0
2018,59,9.0,2018-05-27,14:30,Trondheims-Ørn,Vålerenga,1,0,21.8,0.0,1.5,1.600000023841858,1.0,8.0,30.0
2018,60,9.0,2018-05-27,17:00,LSK Kvinner,Avaldsnes,4,1,24.1,0.21999999999999997,0.800000011920929,3.0999999046325684,3.799999952316284,1.0,59.0
2018,60,9.0,2018-05-27,17:00,Avaldsnes,LSK Kvinner,0,0,24.0,0.43999999999999995,0.800000011920929,2.299999952316284,3.0,2.0,48.0
2018,62,2.0,2018-06-04,18:00,Avaldsnes,Klepp,1,1,24.0,0.43999999999999995,1.100000023841858,2.299999952316284,3.0,2.0,48.0
2018,62,2.0,2018-06-04,18:00,Klepp,Avaldsnes,2,0,25.1,0.26,0.800000011920929,1.5,1.399999976158142,4.0,40.0
2018,64,10.0,2018-06-16,14:00,Sandviken,Lyn,6,1,26.4,0.20999999999999996,,1.0,0.699999988079071,9.0,18.0
2018,64,10.0,2018-06-16,14:00,Lyn,Sandviken,0,0,19.8,0.0,1.5,,,,
2018,65,10.0,2018-06-16,14:00,Trondheims-Ørn,Kolbotn,2,1,21.8,0.0,2.0,1.600000023841858,1.0,8.0,30.0
2018,65,10.0,2018-06-16,14:00,Kolbotn,Trondheims-Ørn,2,0,21.2,0.050000000000000044,1.600000023841858,0.800000011920929,0.4000000059604645,10.0,15.0
2018,66,10.0,2018-06-16,15:00,Avaldsnes,Arna-Bjørnar,1,1,24.0,0.43999999999999995,1.2999999523162842,2.299999952316284,3.0,2.0,48.0
2018,66,10.0,2018-06-16,15:00,Arna-Bjørnar,Avaldsnes,0,0,21.9,0.09999999999999998,0.800000011920929,1.7999999523162842,1.399999976158142,6.0,35.0
2018,67,10.0,2018-06-16,15:00,Vålerenga,Røa,2,1,25.6,0.22999999999999998,1.2999999523162842,1.7000000476837158,1.2000000476837158,7.0,34.0
2018,67,10.0,2018-06-16,15:00,Røa,Vålerenga,1,0,22.7,0.040000000000000036,1.5,1.899999976158142,1.5,5.0,37.0
2018,68,10.0,2018-06-16,15:00,Grand Bodø,Stabæk,0,1,23.4,0.30000000000000004,1.0,1.399999976158142,0.4000000059604645,11.0,8.0
2018,68,10.0,2018-06-16,15:00,Stabæk,Grand Bodø,3,0,23.6,0.040000000000000036,3.5999999046325684,2.0999999046325684,2.0,3.0,43.0
2018,69,10.0,2018-06-16,15:00,Klepp,LSK Kvinner,0,1,25.1,0.26,0.800000011920929,1.5,1.399999976158142,4.0,40.0
2018,69,10.0,2018-06-16,15:00,LSK Kvinner,Klepp,2,0,24.1,0.21999999999999997,1.100000023841858,3.0999999046325684,3.799999952316284,1.0,59.0
2018,71,11.0,2018-06-23,14:00,Kolbotn,Avaldsnes,2,1,21.2,0.050000000000000044,0.800000011920929,0.800000011920929,0.4000000059604645,10.0,15.0
2018,71,11.0,2018-06-23,14:00,Avaldsnes,Kolbotn,0,0,24.0,0.43999999999999995,2.0,2.299999952316284,3.0,2.0,48.0
2018,72,11.0,2018-06-23,14:00,Røa,Sandviken,3,1,22.7,0.040000000000000036,1.5,1.899999976158142,1.5,5.0,37.0
2018,72,11.0,2018-06-23,14:00,Sandviken,Røa,2,0,26.4,0.20999999999999996,1.2999999523162842,1.0,0.699999988079071,9.0,18.0
2018,73,11.0,2018-06-23,14:00,Stabæk,Klepp,0,1,23.6,0.040000000000000036,1.100000023841858,2.0999999046325684,2.0,3.0,43.0
2018,73,11.0,2018-06-23,14:00,Klepp,Stabæk,1,0,25.1,0.26,1.0,1.5,1.399999976158142,4.0,40.0
2018,74,11.0,2018-06-23,15:00,Lyn,Trondheims-Ørn,2,1,19.8,0.0,1.600000023841858,,,,
2018,74,11.0,2018-06-23,15:00,Trondheims-Ørn,Lyn,3,0,21.8,0.0,,1.600000023841858,1.0,8.0,30.0
2018,75,11.0,2018-06-23,15:00,Arna-Bjørnar,Vålerenga,3,1,21.9,0.09999999999999998,1.5,1.7999999523162842,1.399999976158142,6.0,35.0
2018,75,11.0,2018-06-23,15:00,Vålerenga,Arna-Bjørnar,2,0,25.6,0.22999999999999998,1.2999999523162842,1.7000000476837158,1.2000000476837158,7.0,34.0
2018,76,11.0,2018-06-24,17:00,LSK Kvinner,Grand Bodø,2,1,24.1,0.21999999999999997,3.5999999046325684,3.0999999046325684,3.799999952316284,1.0,59.0
2018,76,11.0,2018-06-24,17:00,Grand Bodø,LSK Kvinner,0,0,23.4,0.30000000000000004,0.800000011920929,1.399999976158142,0.4000000059604645,11.0,8.0
2018,78,2.0,2018-06-27,18:00,Kolbotn,Røa,0,1,21.2,0.050000000000000044,1.2999999523162842,0.800000011920929,0.4000000059604645,10.0,15.0
2018,78,2.0,2018-06-27,18:00,Røa,Kolbotn,2,0,22.7,0.040000000000000036,2.0,1.899999976158142,1.5,5.0,37.0
2018,80,12.0,2018-06-30,15:00,Trondheims-Ørn,LSK Kvinner,2,1,21.8,0.0,0.800000011920929,1.600000023841858,1.0,8.0,30.0
2018,80,12.0,2018-06-30,15:00,LSK Kvinner,Trondheims-Ørn,3,0,24.1,0.21999999999999997,1.600000023841858,3.0999999046325684,3.799999952316284,1.0,59.0
2018,81,12.0,2018-06-30,15:00,Sandviken,Stabæk,1,1,26.4,0.20999999999999996,1.0,1.0,0.699999988079071,9.0,18.0
2018,81,12.0,2018-06-30,15:00,Stabæk,Sandviken,3,0,23.6,0.040000000000000036,1.5,2.0999999046325684,2.0,3.0,43.0
2018,82,12.0,2018-06-30,15:00,Klepp,Kolbotn,2,1,25.1,0.26,2.0,1.5,1.399999976158142,4.0,40.0
2018,82,12.0,2018-06-30,15:00,Kolbotn,Klepp,1,0,21.2,0.050000000000000044,1.100000023841858,0.800000011920929,0.4000000059604645,10.0,15.0
2018,83,12.0,2018-06-30,16:00,Grand Bodø,Arna-Bjørnar,0,1,23.4,0.30000000000000004,1.2999999523162842,1.399999976158142,0.4000000059604645,11.0,8.0
2018,83,12.0,2018-06-30,16:00,Arna-Bjørnar,Grand Bodø,4,0,21.9,0.09999999999999998,3.5999999046325684,1.7999999523162842,1.399999976158142,6.0,35.0
2018,84,12.0,2018-07-01,15:00,Avaldsnes,Røa,2,1,24.0,0.43999999999999995,1.2999999523162842,2.299999952316284,3.0,2.0,48.0
2018,84,12.0,2018-07-01,15:00,Røa,Avaldsnes,2,0,22.7,0.040000000000000036,0.800000011920929,1.899999976158142,1.5,5.0,37.0
2018,85,12.0,2018-07-01,15:00,Vålerenga,Lyn,6,1,25.6,0.22999999999999998,,1.7000000476837158,1.2000000476837158,7.0,34.0
2018,85,12.0,2018-07-01,15:00,Lyn,Vålerenga,1,0,19.8,0.0,1.5,,,,
2018,87,14.0,2018-07-04,18:00,Arna-Bjørnar,Avaldsnes,4,1,21.9,0.09999999999999998,0.800000011920929,1.7999999523162842,1.399999976158142,6.0,35.0
2018,87,14.0,2018-07-04,18:00,Avaldsnes,Arna-Bjørnar,1,0,24.0,0.43999999999999995,1.2999999523162842,2.299999952316284,3.0,2.0,48.0
2018,89,13.0,2018-08-03,18:00,Lyn,Avaldsnes,2,1,19.8,0.0,0.800000011920929,,,,
2018,89,13.0,2018-08-03,18:00,Avaldsnes,Lyn,2,0,24.0,0.43999999999999995,,2.299999952316284,3.0,2.0,48.0
2018,90,13.0,2018-08-04,14:00,Røa,Klepp,0,1,22.7,0.040000000000000036,1.100000023841858,1.899999976158142,1.5,5.0,37.0
2018,90,13.0,2018-08-04,14:00,Klepp,Røa,1,0,25.1,0.26,1.2999999523162842,1.5,1.399999976158142,4.0,40.0
2018,91,13.0,2018-08-04,14:00,Kolbotn,Sandviken,1,1,21.2,0.050000000000000044,1.5,0.800000011920929,0.4000000059604645,10.0,15.0
2018,91,13.0,2018-08-04,14:00,Sandviken,Kolbotn,1,0,26.4,0.20999999999999996,2.0,1.0,0.699999988079071,9.0,18.0
2018,92,13.0,2018-08-04,15:00,LSK Kvinner,Vålerenga,2,1,24.1,0.21999999999999997,1.5,3.0999999046325684,3.799999952316284,1.0,59.0
2018,92,13.0,2018-08-04,15:00,Vålerenga,LSK Kvinner,0,0,25.6,0.22999999999999998,0.800000011920929,1.7000000476837158,1.2000000476837158,7.0,34.0
2018,93,13.0,2018-08-04,15:00,Stabæk,Grand Bodø,2,1,23.6,0.040000000000000036,3.5999999046325684,2.0999999046325684,2.0,3.0,43.0
2018,93,13.0,2018-08-04,15:00,Grand Bodø,Stabæk,0,0,23.4,0.30000000000000004,1.0,1.399999976158142,0.4000000059604645,11.0,8.0
2018,94,13.0,2018-08-05,14:00,Arna-Bjørnar,Trondheims-Ørn,6,1,21.9,0.09999999999999998,1.600000023841858,1.7999999523162842,1.399999976158142,6.0,35.0
2018,94,13.0,2018-08-05,14:00,Trondheims-Ørn,Arna-Bjørnar,1,0,21.8,0.0,1.2999999523162842,1.600000023841858,1.0,8.0,30.0
2018,96,14.0,2018-08-11,14:00,Vålerenga,Sandviken,1,1,25.6,0.22999999999999998,1.5,1.7000000476837158,1.2000000476837158,7.0,34.0
2018,96,14.0,2018-08-11,14:00,Sandviken,Vålerenga,0,0,26.4,0.20999999999999996,1.5,1.0,0.699999988079071,9.0,18.0
2018,97,14.0,2018-08-11,15:00,Klepp,Stabæk,2,1,25.1,0.26,1.0,1.5,1.399999976158142,4.0,40.0
2018,97,14.0,2018-08-11,15:00,Stabæk,Klepp,0,0,23.6,0.040000000000000036,1.100000023841858,2.0999999046325684,2.0,3.0,43.0
2018,98,14.0,2018-08-11,15:00,Røa,Kolbotn,1,1,22.7,0.040000000000000036,2.0,1.899999976158142,1.5,5.0,37.0
2018,98,14.0,2018-08-11,15:00,Kolbotn,Røa,2,0,21.2,0.050000000000000044,1.2999999523162842,0.800000011920929,0.4000000059604645,10.0,15.0
2018,99,14.0,2018-08-11,16:00,Trondheims-Ørn,Lyn,1,1,21.8,0.0,,1.600000023841858,1.0,8.0,30.0
2018,99,14.0,2018-08-11,16:00,Lyn,Trondheims-Ørn,1,0,19.8,0.0,1.600000023841858,,,,
2018,100,14.0,2018-08-12,16:00,Grand Bodø,LSK Kvinner,0,1,23.4,0.30000000000000004,0.800000011920929,1.399999976158142,0.4000000059604645,11.0,8.0
2018,100,14.0,2018-08-12,16:00,LSK Kvinner,Grand Bodø,3,0,24.1,0.21999999999999997,3.5999999046325684,3.0999999046325684,3.799999952316284,1.0,59.0
2018,102,4.0,2018-08-15,19:00,Kolbotn,Lyn,1,1,21.2,0.050000000000000044,,0.800000011920929,0.4000000059604645,10.0,15.0
2018,102,4.0,2018-08-15,19:00,Lyn,Kolbotn,0,0,19.8,0.0,2.0,,,,
2018,104,15.0,2018-08-18,15:00,Stabæk,Vålerenga,0,1,23.6,0.040000000000000036,1.5,2.0999999046325684,2.0,3.0,43.0
2018,104,15.0,2018-08-18,15:00,Vålerenga,Stabæk,1,0,25.6,0.22999999999999998,1.0,1.7000000476837158,1.2000000476837158,7.0,34.0
2018,105,15.0,2018-08-18,15:00,Sandviken,Røa,5,1,26.4,0.20999999999999996,1.2999999523162842,1.0,0.699999988079071,9.0,18.0
2018,105,15.0,2018-08-18,15:00,Røa,Sandviken,3,0,22.7,0.040000000000000036,1.5,1.899999976158142,1.5,5.0,37.0
2018,106,15.0,2018-08-18,15:00,Lyn,Klepp,0,1,19.8,0.0,1.100000023841858,,,,
2018,106,15.0,2018-08-18,15:00,Klepp,Lyn,1,0,25.1,0.26,,1.5,1.399999976158142,4.0,40.0
2018,107,15.0,2018-08-18,15:00,Kolbotn,Trondheims-Ørn,3,1,21.2,0.050000000000000044,1.600000023841858,0.800000011920929,0.4000000059604645,10.0,15.0
2018,107,15.0,2018-08-18,15:00,Trondheims-Ørn,Kolbotn,3,0,21.8,0.0,2.0,1.600000023841858,1.0,8.0,30.0
2018,108,15.0,2018-08-18,16:00,LSK Kvinner,Arna-Bjørnar,2,1,24.1,0.21999999999999997,1.2999999523162842,3.0999999046325684,3.799999952316284,1.0,59.0
2018,108,15.0,2018-08-18,16:00,Arna-Bjørnar,LSK Kvinner,0,0,21.9,0.09999999999999998,0.800000011920929,1.7999999523162842,1.399999976158142,6.0,35.0
2018,109,15.0,2018-08-19,14:00,Avaldsnes,Grand Bodø,3,1,24.0,0.43999999999999995,3.5999999046325684,2.299999952316284,3.0,2.0,48.0
2018,109,15.0,2018-08-19,14:00,Grand Bodø,Avaldsnes,3,0,23.4,0.30000000000000004,0.800000011920929,1.399999976158142,0.4000000059604645,11.0,8.0
2018,111,16.0,2018-08-25,14:00,Arna-Bjørnar,Lyn,2,1,21.9,0.09999999999999998,,1.7999999523162842,1.399999976158142,6.0,35.0
2018,111,16.0,2018-08-25,14:00,Lyn,Arna-Bjørnar,1,0,19.8,0.0,1.2999999523162842,,,,
2018,112,16.0,2018-08-25,15:00,Røa,Stabæk,2,1,22.7,0.040000000000000036,1.0,1.899999976158142,1.5,5.0,37.0
2018,112,16.0,2018-08-25,15:00,Stabæk,Røa,0,0,23.6,0.040000000000000036,1.2999999523162842,2.0999999046325684,2.0,3.0,43.0
2018,113,16.0,2018-08-25,15:00,Trondheims-Ørn,Avaldsnes,1,1,21.8,0.0,0.800000011920929,1.600000023841858,1.0,8.0,30.0
2018,113,16.0,2018-08-25,15:00,Avaldsnes,Trondheims-Ørn,1,0,24.0,0.43999999999999995,1.600000023841858,2.299999952316284,3.0,2.0,48.0
2018,114,16.0,2018-08-26,13:00,LSK Kvinner,Kolbotn,5,1,24.1,0.21999999999999997,2.0,3.0999999046325684,3.799999952316284,1.0,59.0
2018,114,16.0,2018-08-26,13:00,Kolbotn,LSK Kvinner,1,0,21.2,0.050000000000000044,0.800000011920929,0.800000011920929,0.4000000059604645,10.0,15.0
2018,115,16.0,2018-08-26,15:00,Grand Bodø,Vålerenga,1,1,23.4,0.30000000000000004,1.5,1.399999976158142,0.4000000059604645,11.0,8.0
2018,115,16.0,2018-08-26,15:00,Vålerenga,Grand Bodø,2,0,25.6,0.22999999999999998,3.5999999046325684,1.7000000476837158,1.2000000476837158,7.0,34.0
2018,116,16.0,2018-08-26,17:00,Klepp,Sandviken,1,1,25.1,0.26,1.5,1.5,1.399999976158142,4.0,40.0
2018,116,16.0,2018-08-26,17:00,Sandviken,Klepp,1,0,26.4,0.20999999999999996,1.100000023841858,1.0,0.699999988079071,9.0,18.0
2018,118,17.0,2018-09-08,13:00,Avaldsnes,LSK Kvinner,1,1,24.0,0.43999999999999995,0.800000011920929,2.299999952316284,3.0,2.0,48.0
2018,118,17.0,2018-09-08,13:00,LSK Kvinner,Avaldsnes,4,0,24.1,0.21999999999999997,0.800000011920929,3.0999999046325684,3.799999952316284,1.0,59.0
2018,119,17.0,2018-09-08,15:00,Stabæk,Trondheims-Ørn,2,1,23.6,0.040000000000000036,1.600000023841858,2.0999999046325684,2.0,3.0,43.0
2018,119,17.0,2018-09-08,15:00,Trondheims-Ørn,Stabæk,0,0,21.8,0.0,1.0,1.600000023841858,1.0,8.0,30.0
2018,120,17.0,2018-09-08,15:00,Kolbotn,Arna-Bjørnar,1,1,21.2,0.050000000000000044,1.2999999523162842,0.800000011920929,0.4000000059604645,10.0,15.0
2018,120,17.0,2018-09-08,15:00,Arna-Bjørnar,Kolbotn,4,0,21.9,0.09999999999999998,2.0,1.7999999523162842,1.399999976158142,6.0,35.0
2018,121,17.0,2018-09-08,17:00,Lyn,Røa,3,1,19.8,0.0,1.2999999523162842,,,,
2018,121,17.0,2018-09-08,17:00,Røa,Lyn,4,0,22.7,0.040000000000000036,,1.899999976158142,1.5,5.0,37.0
2018,122,17.0,2018-09-09,13:00,Sandviken,Grand Bodø,4,1,26.4,0.20999999999999996,3.5999999046325684,1.0,0.699999988079071,9.0,18.0
2018,122,17.0,2018-09-09,13:00,Grand Bodø,Sandviken,1,0,23.4,0.30000000000000004,1.5,1.399999976158142,0.4000000059604645,11.0,8.0
2018,123,17.0,2018-09-09,15:00,Vålerenga,Klepp,1,1,25.6,0.22999999999999998,1.100000023841858,1.7000000476837158,1.2000000476837158,7.0,34.0
2018,123,17.0,2018-09-09,15:00,Klepp,Vålerenga,1,0,25.1,0.26,1.5,1.5,1.399999976158142,4.0,40.0
2018,125,18.0,2018-09-15,15:00,Arna-Bjørnar,Stabæk,6,1,21.9,0.09999999999999998,1.0,1.7999999523162842,1.399999976158142,6.0,35.0
2018,125,18.0,2018-09-15,15:00,Stabæk,Arna-Bjørnar,2,0,23.6,0.040000000000000036,1.2999999523162842,2.0999999046325684,2.0,3.0,43.0
2018,126,18.0,2018-09-15,15:00,Røa,Vålerenga,2,1,22.7,0.040000000000000036,1.5,1.899999976158142,1.5,5.0,37.0
2018,126,18.0,2018-09-15,15:00,Vålerenga,Røa,1,0,25.6,0.22999999999999998,1.2999999523162842,1.7000000476837158,1.2000000476837158,7.0,34.0
2018,127,18.0,2018-09-16,14:00,Avaldsnes,Kolbotn,0,1,24.0,0.43999999999999995,2.0,2.299999952316284,3.0,2.0,48.0
2018,127,18.0,2018-09-16,14:00,Kolbotn,Avaldsnes,0,0,21.2,0.050000000000000044,0.800000011920929,0.800000011920929,0.4000000059604645,10.0,15.0
2018,128,18.0,2018-09-16,15:00,Grand Bodø,Klepp,3,1,23.4,0.30000000000000004,1.100000023841858,1.399999976158142,0.4000000059604645,11.0,8.0
2018,128,18.0,2018-09-16,15:00,Klepp,Grand Bodø,5,0,25.1,0.26,3.5999999046325684,1.5,1.399999976158142,4.0,40.0
2018,129,18.0,2018-09-16,16:00,Trondheims-Ørn,Sandviken,3,1,21.8,0.0,1.5,1.600000023841858,1.0,8.0,30.0
2018,129,18.0,2018-09-16,16:00,Sandviken,Trondheims-Ørn,3,0,26.4,0.20999999999999996,1.600000023841858,1.0,0.699999988079071,9.0,18.0
2018,130,18.0,2018-09-16,18:00,LSK Kvinner,Lyn,2,1,24.1,0.21999999999999997,,3.0999999046325684,3.799999952316284,1.0,59.0
2018,130,18.0,2018-09-16,18:00,Lyn,LSK Kvinner,1,0,19.8,0.0,0.800000011920929,,,,
2018,132,19.0,2018-09-21,19:00,Stabæk,LSK Kvinner,0,1,23.6,0.040000000000000036,0.800000011920929,2.0999999046325684,2.0,3.0,43.0
2018,132,19.0,2018-09-21,19:00,LSK Kvinner,Stabæk,2,0,24.1,0.21999999999999997,1.0,3.0999999046325684,3.799999952316284,1.0,59.0
2018,133,19.0,2018-09-22,15:00,Sandviken,Arna-Bjørnar,1,1,26.4,0.20999999999999996,1.2999999523162842,1.0,0.699999988079071,9.0,18.0
2018,133,19.0,2018-09-22,15:00,Arna-Bjørnar,Sandviken,1,0,21.9,0.09999999999999998,1.5,1.7999999523162842,1.399999976158142,6.0,35.0
2018,134,19.0,2018-09-22,15:00,Lyn,Kolbotn,0,1,19.8,0.0,2.0,,,,
2018,134,19.0,2018-09-22,15:00,Kolbotn,Lyn,1,0,21.2,0.050000000000000044,,0.800000011920929,0.4000000059604645,10.0,15.0
2018,135,19.0,2018-09-23,16:00,Grand Bodø,Røa,1,1,23.4,0.30000000000000004,1.2999999523162842,1.399999976158142,0.4000000059604645,11.0,8.0
2018,135,19.0,2018-09-23,16:00,Røa,Grand Bodø,3,0,22.7,0.040000000000000036,3.5999999046325684,1.899999976158142,1.5,5.0,37.0
2018,136,19.0,2018-09-26,16:45,Klepp,Trondheims-Ørn,1,1,25.1,0.26,1.600000023841858,1.5,1.399999976158142,4.0,40.0
2018,136,19.0,2018-09-26,16:45,Trondheims-Ørn,Klepp,0,0,21.8,0.0,1.100000023841858,1.600000023841858,1.0,8.0,30.0
2018,137,19.0,2018-10-13,14:00,Vålerenga,Avaldsnes,2,1,25.6,0.22999999999999998,0.800000011920929,1.7000000476837158,1.2000000476837158,7.0,34.0
2018,137,19.0,2018-10-13,14:00,Avaldsnes,Vålerenga,1,0,24.0,0.43999999999999995,1.5,2.299999952316284,3.0,2.0,48.0
2018,139,20.0,2018-10-20,15:00,Avaldsnes,Sandviken,0,1,24.0,0.43999999999999995,1.5,2.299999952316284,3.0,2.0,48.0
2018,139,20.0,2018-10-20,15:00,Sandviken,Avaldsnes,0,0,26.4,0.20999999999999996,0.800000011920929,1.0,0.699999988079071,9.0,18.0
2018,140,20.0,2018-10-20,15:00,Trondheims-Ørn,Vålerenga,1,1,21.8,0.0,1.5,1.600000023841858,1.0,8.0,30.0
2018,140,20.0,2018-10-20,15:00,Vålerenga,Trondheims-Ørn,3,0,25.6,0.22999999999999998,1.600000023841858,1.7000000476837158,1.2000000476837158,7.0,34.0
2018,141,20.0,2018-10-20,15:00,Lyn,Stabæk,2,1,19.8,0.0,1.0,,,,
2018,141,20.0,2018-10-20,15:00,Stabæk,Lyn,3,0,23.6,0.040000000000000036,,2.0999999046325684,2.0,3.0,43.0
2018,142,20.0,2018-10-20,15:00,Arna-Bjørnar,Røa,2,1,21.9,0.09999999999999998,1.2999999523162842,1.7999999523162842,1.399999976158142,6.0,35.0
2018,142,20.0,2018-10-20,15:00,Røa,Arna-Bjørnar,0,0,22.7,0.040000000000000036,1.2999999523162842,1.899999976158142,1.5,5.0,37.0
2018,143,20.0,2018-10-21,15:00,LSK Kvinner,Klepp,2,1,24.1,0.21999999999999997,1.100000023841858,3.0999999046325684,3.799999952316284,1.0,59.0
2018,143,20.0,2018-10-21,15:00,Klepp,LSK Kvinner,3,0,25.1,0.26,0.800000011920929,1.5,1.399999976158142,4.0,40.0
2018,144,20.0,2018-10-21,17:00,Kolbotn,Grand Bodø,3,1,21.2,0.050000000000000044,3.5999999046325684,0.800000011920929,0.4000000059604645,10.0,15.0
2018,144,20.0,2018-10-21,17:00,Grand Bodø,Kolbotn,2,0,23.4,0.30000000000000004,2.0,1.399999976158142,0.4000000059604645,11.0,8.0
2018,146,21.0,2018-10-27,13:00,Klepp,Avaldsnes,2,1,25.1,0.26,0.800000011920929,1.5,1.399999976158142,4.0,40.0
2018,146,21.0,2018-10-27,13:00,Avaldsnes,Klepp,1,0,24.0,0.43999999999999995,1.100000023841858,2.299999952316284,3.0,2.0,48.0
2018,147,21.0,2018-10-27,13:00,Stabæk,Kolbotn,1,1,23.6,0.040000000000000036,2.0,2.0999999046325684,2.0,3.0,43.0
2018,147,21.0,2018-10-27,13:00,Kolbotn,Stabæk,2,0,21.2,0.050000000000000044,1.0,0.800000011920929,0.4000000059604645,10.0,15.0
2018,148,21.0,2018-10-27,13:00,Røa,Trondheims-Ørn,2,1,22.7,0.040000000000000036,1.600000023841858,1.899999976158142,1.5,5.0,37.0
2018,148,21.0,2018-10-27,13:00,Trondheims-Ørn,Røa,1,0,21.8,0.0,1.2999999523162842,1.600000023841858,1.0,8.0,30.0
2018,149,21.0,2018-10-27,13:00,Grand Bodø,Lyn,1,1,23.4,0.30000000000000004,,1.399999976158142,0.4000000059604645,11.0,8.0
2018,149,21.0,2018-10-27,13:00,Lyn,Grand Bodø,0,0,19.8,0.0,3.5999999046325684,,,,
2018,150,21.0,2018-10-27,13:00,Vålerenga,Arna-Bjørnar,1,1,25.6,0.22999999999999998,1.2999999523162842,1.7000000476837158,1.2000000476837158,7.0,34.0
2018,150,21.0,2018-10-27,13:00,Arna-Bjørnar,Vålerenga,1,0,21.9,0.09999999999999998,1.5,1.7999999523162842,1.399999976158142,6.0,35.0
2018,151,21.0,2018-10-27,13:00,Sandviken,LSK Kvinner,0,1,26.4,0.20999999999999996,0.800000011920929,1.0,0.699999988079071,9.0,18.0
2018,151,21.0,2018-10-27,13:00,LSK Kvinner,Sandviken,0,0,24.1,0.21999999999999997,1.5,3.0999999046325684,3.799999952316284,1.0,59.0
2018,153,22.0,2018-11-04,13:00,Trondheims-Ørn,Grand Bodø,0,1,21.8,0.0,3.5999999046325684,1.600000023841858,1.0,8.0,30.0
2018,153,22.0,2018-11-04,13:00,Grand Bodø,Trondheims-Ørn,0,0,23.4,0.30000000000000004,1.600000023841858,1.399999976158142,0.4000000059604645,11.0,8.0
2018,154,22.0,2018-11-04,13:00,Kolbotn,Vålerenga,3,1,21.2,0.050000000000000044,1.5,0.800000011920929,0.4000000059604645,10.0,15.0
2018,154,22.0,2018-11-04,13:00,Vålerenga,Kolbotn,1,0,25.6,0.22999999999999998,2.0,1.7000000476837158,1.2000000476837158,7.0,34.0
2018,155,22.0,2018-11-04,13:00,LSK Kvinner,Røa,6,1,24.1,0.21999999999999997,1.2999999523162842,3.0999999046325684,3.799999952316284,1.0,59.0
2018,155,22.0,2018-11-04,13:00,Røa,LSK Kvinner,2,0,22.7,0.040000000000000036,0.800000011920929,1.899999976158142,1.5,5.0,37.0
2018,156,22.0,2018-11-04,13:00,Lyn,Sandviken,2,1,19.8,0.0,1.5,,,,
2018,156,22.0,2018-11-04,13:00,Sandviken,Lyn,4,0,26.4,0.20999999999999996,,1.0,0.699999988079071,9.0,18.0
2018,157,22.0,2018-11-04,13:00,Avaldsnes,Stabæk,2,1,24.0,0.43999999999999995,1.0,2.299999952316284,3.0,2.0,48.0
2018,157,22.0,2018-11-04,13:00,Stabæk,Avaldsnes,0,0,23.6,0.040000000000000036,0.800000011920929,2.0999999046325684,2.0,3.0,43.0
2018,158,22.0,2018-11-04,13:00,Arna-Bjørnar,Klepp,0,1,21.9,0.09999999999999998,1.100000023841858,1.7999999523162842,1.399999976158142,6.0,35.0
2018,158,22.0,2018-11-04,13:00,Klepp,Arna-Bjørnar,0,0,25.1,0.26,1.2999999523162842,1.5,1.399999976158142,4.0,40.0
2019,0,1.0,2019-03-23,14:00,LSK Kvinner,Kolbotn,4,1,25.3,0.050000000000000044,1.600000023841858,3.200000047683716,4.699999809265137,1.0,61.0
2019,0,1.0,2019-03-23,14:00,Kolbotn,LSK Kvinner,3,0,21.8,0.0,0.699999988079071,1.5,1.0,5.0,39.0
2019,1,1.0,2019-03-23,14:00,Sandviken,Røa,0,1,25.3,0.09999999999999998,1.899999976158142,1.899999976158142,1.399999976158142,4.0,39.0
2019,1,1.0,2019-03-23,14:00,Røa,Sandviken,2,0,22.9,0.040000000000000036,1.2999999523162842,1.899999976158142,1.0,7.0,32.0
2019,2,1.0,2019-03-23,15:00,Klepp,Avaldsnes,1,1,25.0,0.24,1.7000000476837158,1.7999999523162842,1.899999976158142,2.0,48.0
2019,2,1.0,2019-03-23,15:00,Avaldsnes,Klepp,0,0,24.4,0.56,1.0,1.100000023841858,0.6000000238418579,9.0,21.0
2019,3,1.0,2019-03-23,15:00,Lyn,Fart,0,1,20.1,0.0,,1.2000000476837158,0.5,11.0,12.0
2019,3,1.0,2019-03-23,15:00,Fart,Lyn,0,0,21.9,0.09999999999999998,2.5,,,,
2019,4,1.0,2019-03-24,14:30,Trondheims-Ørn,Arna-Bjørnar,0,1,21.9,0.050000000000000044,1.2000000476837158,1.100000023841858,0.5,10.0,18.0
2019,4,1.0,2019-03-24,14:30,Arna-Bjørnar,Trondheims-Ørn,0,0,22.4,0.21999999999999997,2.200000047683716,2.4000000953674316,2.0,3.0,39.0
2019,5,1.0,2019-03-24,17:00,Vålerenga,Stabæk,1,1,25.2,0.4,1.7000000476837158,1.7000000476837158,1.100000023841858,6.0,33.0
2019,5,1.0,2019-03-24,17:00,Stabæk,Vålerenga,0,0,24.7,0.13,1.600000023841858,1.2999999523162842,0.800000011920929,8.0,23.0
2019,7,2.0,2019-03-30,14:00,Arna-Bjørnar,Lyn,1,1,22.4,0.21999999999999997,2.5,2.4000000953674316,2.0,3.0,39.0
2019,7,2.0,2019-03-30,14:00,Lyn,Arna-Bjørnar,1,0,20.1,0.0,1.2000000476837158,1.2000000476837158,0.5,11.0,12.0
2019,8,2.0,2019-03-30,15:00,Avaldsnes,LSK Kvinner,1,1,24.4,0.56,0.699999988079071,1.100000023841858,0.6000000238418579,9.0,21.0
2019,8,2.0,2019-03-30,15:00,LSK Kvinner,Avaldsnes,1,0,25.3,0.050000000000000044,1.7000000476837158,3.200000047683716,4.699999809265137,1.0,61.0
2019,9,2.0,2019-03-30,15:00,Røa,Trondheims-Ørn,2,1,22.9,0.040000000000000036,2.200000047683716,1.899999976158142,1.0,7.0,32.0
2019,9,2.0,2019-03-30,15:00,Trondheims-Ørn,Røa,1,0,21.9,0.050000000000000044,1.899999976158142,1.100000023841858,0.5,10.0,18.0
2019,10,2.0,2019-03-30,15:00,Stabæk,Klepp,0,1,24.7,0.13,1.0,1.2999999523162842,0.800000011920929,8.0,23.0
2019,10,2.0,2019-03-30,15:00,Klepp,Stabæk,2,0,25.0,0.24,1.7000000476837158,1.7999999523162842,1.899999976158142,2.0,48.0
2019,11,2.0,2019-03-30,15:00,Fart,Sandviken,0,1,21.9,0.09999999999999998,1.2999999523162842,,,,
2019,11,2.0,2019-03-30,15:00,Sandviken,Fart,3,0,25.3,0.09999999999999998,,1.899999976158142,1.399999976158142,4.0,39.0
2019,12,2.0,2019-03-30,15:00,Kolbotn,Vålerenga,1,1,21.8,0.0,1.600000023841858,1.5,1.0,5.0,39.0
2019,12,2.0,2019-03-30,15:00,Vålerenga,Kolbotn,2,0,25.2,0.4,1.600000023841858,1.7000000476837158,1.100000023841858,6.0,33.0
2019,14,3.0,2019-04-13,14:00,Klepp,Røa,1,1,25.0,0.24,1.899999976158142,1.7999999523162842,1.899999976158142,2.0,48.0
2019,14,3.0,2019-04-13,14:00,Røa,Klepp,0,0,22.9,0.040000000000000036,1.0,1.899999976158142,1.0,7.0,32.0
2019,15,3.0,2019-04-13,14:00,Lyn,Kolbotn,0,1,20.1,0.0,1.600000023841858,1.2000000476837158,0.5,11.0,12.0
2019,15,3.0,2019-04-13,14:00,Kolbotn,Lyn,0,0,21.8,0.0,2.5,1.5,1.0,5.0,39.0
2019,16,3.0,2019-04-13,15:00,Sandviken,Stabæk,3,1,25.3,0.09999999999999998,1.7000000476837158,1.899999976158142,1.399999976158142,4.0,39.0
2019,16,3.0,2019-04-13,15:00,Stabæk,Sandviken,0,0,24.7,0.13,1.2999999523162842,1.2999999523162842,0.800000011920929,8.0,23.0
2019,17,3.0,2019-04-13,15:00,Vålerenga,Fart,4,1,25.2,0.4,,1.7000000476837158,1.100000023841858,6.0,33.0
2019,17,3.0,2019-04-13,15:00,Fart,Vålerenga,0,0,21.9,0.09999999999999998,1.600000023841858,,,,
2019,18,3.0,2019-04-13,15:00,LSK Kvinner,Arna-Bjørnar,3,1,25.3,0.050000000000000044,1.2000000476837158,3.200000047683716,4.699999809265137,1.0,61.0
2019,18,3.0,2019-04-13,15:00,Arna-Bjørnar,LSK Kvinner,1,0,22.4,0.21999999999999997,0.699999988079071,2.4000000953674316,2.0,3.0,39.0
2019,19,3.0,2019-04-14,19:00,Trondheims-Ørn,Avaldsnes,1,1,21.9,0.050000000000000044,1.7000000476837158,1.100000023841858,0.5,10.0,18.0
2019,19,3.0,2019-04-14,19:00,Avaldsnes,Trondheims-Ørn,1,0,24.4,0.56,2.200000047683716,1.100000023841858,0.6000000238418579,9.0,21.0
2019,21,12.0,2019-04-17,18:00,Lyn,LSK Kvinner,0,1,20.1,0.0,0.699999988079071,1.2000000476837158,0.5,11.0,12.0
2019,21,12.0,2019-04-17,18:00,LSK Kvinner,Lyn,2,0,25.3,0.050000000000000044,2.5,3.200000047683716,4.699999809265137,1.0,61.0
2019,23,4.0,2019-04-22,14:00,Avaldsnes,Vålerenga,2,1,24.4,0.56,1.600000023841858,1.100000023841858,0.6000000238418579,9.0,21.0
2019,23,4.0,2019-04-22,14:00,Vålerenga,Avaldsnes,2,0,25.2,0.4,1.7000000476837158,1.7000000476837158,1.100000023841858,6.0,33.0
2019,24,4.0,2019-04-22,15:00,Arna-Bjørnar,Klepp,1,1,22.4,0.21999999999999997,1.0,2.4000000953674316,2.0,3.0,39.0
2019,24,4.0,2019-04-22,15:00,Klepp,Arna-Bjørnar,0,0,25.0,0.24,1.2000000476837158,1.7999999523162842,1.899999976158142,2.0,48.0
2019,25,4.0,2019-04-22,15:00,Kolbotn,Sandviken,3,1,21.8,0.0,1.2999999523162842,1.5,1.0,5.0,39.0
2019,25,4.0,2019-04-22,15:00,Sandviken,Kolbotn,2,0,25.3,0.09999999999999998,1.600000023841858,1.899999976158142,1.399999976158142,4.0,39.0
2019,26,4.0,2019-04-22,15:00,Fart,LSK Kvinner,0,1,21.9,0.09999999999999998,0.699999988079071,,,,
2019,26,4.0,2019-04-22,15:00,LSK Kvinner,Fart,4,0,25.3,0.050000000000000044,,3.200000047683716,4.699999809265137,1.0,61.0
2019,27,4.0,2019-04-22,15:00,Stabæk,Trondheims-Ørn,1,1,24.7,0.13,2.200000047683716,1.2999999523162842,0.800000011920929,8.0,23.0
2019,27,4.0,2019-04-22,15:00,Trondheims-Ørn,Stabæk,1,0,21.9,0.050000000000000044,1.7000000476837158,1.100000023841858,0.5,10.0,18.0
2019,28,4.0,2019-04-22,15:00,Røa,Lyn,2,1,22.9,0.040000000000000036,2.5,1.899999976158142,1.0,7.0,32.0
2019,28,4.0,2019-04-22,15:00,Lyn,Røa,3,0,20.1,0.0,1.899999976158142,1.2000000476837158,0.5,11.0,12.0
2019,30,5.0,2019-04-27,14:00,Lyn,Stabæk,2,1,20.1,0.0,1.7000000476837158,1.2000000476837158,0.5,11.0,12.0
2019,30,5.0,2019-04-27,14:00,Stabæk,Lyn,0,0,24.7,0.13,2.5,1.2999999523162842,0.800000011920929,8.0,23.0
2019,31,5.0,2019-04-27,15:00,Fart,Kolbotn,2,1,21.9,0.09999999999999998,1.600000023841858,,,,
2019,31,5.0,2019-04-27,15:00,Kolbotn,Fart,3,0,21.8,0.0,,1.5,1.0,5.0,39.0
2019,32,5.0,2019-04-27,17:00,LSK Kvinner,Røa,1,1,25.3,0.050000000000000044,1.899999976158142,3.200000047683716,4.699999809265137,1.0,61.0
2019,32,5.0,2019-04-27,17:00,Røa,LSK Kvinner,1,0,22.9,0.040000000000000036,0.699999988079071,1.899999976158142,1.0,7.0,32.0
2019,33,5.0,2019-04-27,17:00,Sandviken,Avaldsnes,6,1,25.3,0.09999999999999998,1.7000000476837158,1.899999976158142,1.399999976158142,4.0,39.0
2019,33,5.0,2019-04-27,17:00,Avaldsnes,Sandviken,4,0,24.4,0.56,1.2999999523162842,1.100000023841858,0.6000000238418579,9.0,21.0
2019,34,5.0,2019-04-28,15:00,Trondheims-Ørn,Klepp,0,1,21.9,0.050000000000000044,1.0,1.100000023841858,0.5,10.0,18.0
2019,34,5.0,2019-04-28,15:00,Klepp,Trondheims-Ørn,1,0,25.0,0.24,2.200000047683716,1.7999999523162842,1.899999976158142,2.0,48.0
2019,35,5.0,2019-04-28,15:00,Vålerenga,Arna-Bjørnar,1,1,25.2,0.4,1.2000000476837158,1.7000000476837158,1.100000023841858,6.0,33.0
2019,35,5.0,2019-04-28,15:00,Arna-Bjørnar,Vålerenga,0,0,22.4,0.21999999999999997,1.600000023841858,2.4000000953674316,2.0,3.0,39.0
2019,37,6.0,2019-05-01,13:00,Trondheims-Ørn,Vålerenga,0,1,21.9,0.050000000000000044,1.600000023841858,1.100000023841858,0.5,10.0,18.0
2019,37,6.0,2019-05-01,13:00,Vålerenga,Trondheims-Ørn,1,0,25.2,0.4,2.200000047683716,1.7000000476837158,1.100000023841858,6.0,33.0
2019,38,6.0,2019-05-01,13:00,Avaldsnes,Fart,3,1,24.4,0.56,,1.100000023841858,0.6000000238418579,9.0,21.0
2019,38,6.0,2019-05-01,13:00,Fart,Avaldsnes,3,0,21.9,0.09999999999999998,1.7000000476837158,,,,
2019,39,6.0,2019-05-01,14:00,LSK Kvinner,Stabæk,4,1,25.3,0.050000000000000044,1.7000000476837158,3.200000047683716,4.699999809265137,1.0,61.0
2019,39,6.0,2019-05-01,14:00,Stabæk,LSK Kvinner,0,0,24.7,0.13,0.699999988079071,1.2999999523162842,0.800000011920929,8.0,23.0
2019,40,6.0,2019-05-01,14:00,Arna-Bjørnar,Sandviken,1,1,22.4,0.21999999999999997,1.2999999523162842,2.4000000953674316,2.0,3.0,39.0
2019,40,6.0,2019-05-01,14:00,Sandviken,Arna-Bjørnar,2,0,25.3,0.09999999999999998,1.2000000476837158,1.899999976158142,1.399999976158142,4.0,39.0
2019,41,6.0,2019-05-01,15:00,Røa,Kolbotn,1,1,22.9,0.040000000000000036,1.600000023841858,1.899999976158142,1.0,7.0,32.0
2019,41,6.0,2019-05-01,15:00,Kolbotn,Røa,2,0,21.8,0.0,1.899999976158142,1.5,1.0,5.0,39.0
2019,42,6.0,2019-05-01,16:00,Klepp,Lyn,1,1,25.0,0.24,2.5,1.7999999523162842,1.899999976158142,2.0,48.0
2019,42,6.0,2019-05-01,16:00,Lyn,Klepp,0,0,20.1,0.0,1.0,1.2000000476837158,0.5,11.0,12.0
2019,44,7.0,2019-05-04,14:00,Kolbotn,Avaldsnes,3,1,21.8,0.0,1.7000000476837158,1.5,1.0,5.0,39.0
2019,44,7.0,2019-05-04,14:00,Avaldsnes,Kolbotn,1,0,24.4,0.56,1.600000023841858,1.100000023841858,0.6000000238418579,9.0,21.0
2019,45,7.0,2019-05-04,15:00,Stabæk,Røa,0,1,24.7,0.13,1.899999976158142,1.2999999523162842,0.800000011920929,8.0,23.0
2019,45,7.0,2019-05-04,15:00,Røa,Stabæk,2,0,22.9,0.040000000000000036,1.7000000476837158,1.899999976158142,1.0,7.0,32.0
2019,46,7.0,2019-05-05,14:00,Fart,Arna-Bjørnar,1,1,21.9,0.09999999999999998,1.2000000476837158,,,,
2019,46,7.0,2019-05-05,14:00,Arna-Bjørnar,Fart,3,0,22.4,0.21999999999999997,,2.4000000953674316,2.0,3.0,39.0
2019,47,7.0,2019-05-05,15:00,Sandviken,Klepp,2,1,25.3,0.09999999999999998,1.0,1.899999976158142,1.399999976158142,4.0,39.0
2019,47,7.0,2019-05-05,15:00,Klepp,Sandviken,1,0,25.0,0.24,1.2999999523162842,1.7999999523162842,1.899999976158142,2.0,48.0
2019,48,7.0,2019-05-05,15:00,Lyn,Trondheims-Ørn,0,1,20.1,0.0,2.200000047683716,1.2000000476837158,0.5,11.0,12.0
2019,48,7.0,2019-05-05,15:00,Trondheims-Ørn,Lyn,3,0,21.9,0.050000000000000044,2.5,1.100000023841858,0.5,10.0,18.0
2019,49,7.0,2019-05-05,17:00,Vålerenga,LSK Kvinner,1,1,25.2,0.4,0.699999988079071,1.7000000476837158,1.100000023841858,6.0,33.0
2019,49,7.0,2019-05-05,17:00,LSK Kvinner,Vålerenga,2,0,25.3,0.050000000000000044,1.600000023841858,3.200000047683716,4.699999809265137,1.0,61.0
2019,51,8.0,2019-05-11,14:00,LSK Kvinner,Lyn,6,1,25.3,0.050000000000000044,2.5,3.200000047683716,4.699999809265137,1.0,61.0
2019,51,8.0,2019-05-11,14:00,Lyn,LSK Kvinner,0,0,20.1,0.0,0.699999988079071,1.2000000476837158,0.5,11.0,12.0
2019,52,8.0,2019-05-11,15:00,Klepp,Vålerenga,5,1,25.0,0.24,1.600000023841858,1.7999999523162842,1.899999976158142,2.0,48.0
2019,52,8.0,2019-05-11,15:00,Vålerenga,Klepp,0,0,25.2,0.4,1.0,1.7000000476837158,1.100000023841858,6.0,33.0
2019,53,8.0,2019-05-11,15:00,Avaldsnes,Stabæk,4,1,24.4,0.56,1.7000000476837158,1.100000023841858,0.6000000238418579,9.0,21.0
2019,53,8.0,2019-05-11,15:00,Stabæk,Avaldsnes,0,0,24.7,0.13,1.7000000476837158,1.2999999523162842,0.800000011920929,8.0,23.0
2019,54,8.0,2019-05-11,15:00,Røa,Fart,5,1,22.9,0.040000000000000036,,1.899999976158142,1.0,7.0,32.0
2019,54,8.0,2019-05-11,15:00,Fart,Røa,0,0,21.9,0.09999999999999998,1.899999976158142,,,,
2019,55,8.0,2019-05-11,17:00,Trondheims-Ørn,Sandviken,0,1,21.9,0.050000000000000044,1.2999999523162842,1.100000023841858,0.5,10.0,18.0
2019,55,8.0,2019-05-11,17:00,Sandviken,Trondheims-Ørn,1,0,25.3,0.09999999999999998,2.200000047683716,1.899999976158142,1.399999976158142,4.0,39.0
2019,56,8.0,2019-05-12,14:00,Arna-Bjørnar,Kolbotn,1,1,22.4,0.21999999999999997,1.600000023841858,2.4000000953674316,2.0,3.0,39.0
2019,56,8.0,2019-05-12,14:00,Kolbotn,Arna-Bjørnar,3,0,21.8,0.0,1.2000000476837158,1.5,1.0,5.0,39.0
2019,58,9.0,2019-05-18,11:00,Fart,Trondheims-Ørn,0,1,21.9,0.09999999999999998,2.200000047683716,,,,
2019,58,9.0,2019-05-18,11:00,Trondheims-Ørn,Fart,2,0,21.9,0.050000000000000044,,1.100000023841858,0.5,10.0,18.0
2019,59,9.0,2019-05-18,13:30,Stabæk,Arna-Bjørnar,0,1,24.7,0.13,1.2000000476837158,1.2999999523162842,0.800000011920929,8.0,23.0
2019,59,9.0,2019-05-18,13:30,Arna-Bjørnar,Stabæk,1,0,22.4,0.21999999999999997,1.7000000476837158,2.4000000953674316,2.0,3.0,39.0
2019,60,9.0,2019-05-18,16:00,Vålerenga,Lyn,0,1,25.2,0.4,2.5,1.7000000476837158,1.100000023841858,6.0,33.0
2019,60,9.0,2019-05-18,16:00,Lyn,Vålerenga,1,0,20.1,0.0,1.600000023841858,1.2000000476837158,0.5,11.0,12.0
2019,61,9.0,2019-05-19,12:00,Kolbotn,Klepp,0,1,21.8,0.0,1.0,1.5,1.0,5.0,39.0
2019,61,9.0,2019-05-19,12:00,Klepp,Kolbotn,0,0,25.0,0.24,1.600000023841858,1.7999999523162842,1.899999976158142,2.0,48.0
2019,62,9.0,2019-05-19,14:30,Sandviken,LSK Kvinner,1,1,25.3,0.09999999999999998,0.699999988079071,1.899999976158142,1.399999976158142,4.0,39.0
2019,62,9.0,2019-05-19,14:30,LSK Kvinner,Sandviken,3,0,25.3,0.050000000000000044,1.2999999523162842,3.200000047683716,4.699999809265137,1.0,61.0
2019,63,9.0,2019-05-19,17:00,Røa,Avaldsnes,2,1,22.9,0.040000000000000036,1.7000000476837158,1.899999976158142,1.0,7.0,32.0
2019,63,9.0,2019-05-19,17:00,Avaldsnes,Røa,2,0,24.4,0.56,1.899999976158142,1.100000023841858,0.6000000238418579,9.0,21.0
2019,65,10.0,2019-07-27,14:00,Vålerenga,Sandviken,1,1,25.2,0.4,1.2999999523162842,1.7000000476837158,1.100000023841858,6.0,33.0
2019,65,10.0,2019-07-27,14:00,Sandviken,Vålerenga,1,0,25.3,0.09999999999999998,1.600000023841858,1.899999976158142,1.399999976158142,4.0,39.0
2019,67,11.0,2019-08-03,15:00,Avaldsnes,Arna-Bjørnar,2,1,24.4,0.56,1.2000000476837158,1.100000023841858,0.6000000238418579,9.0,21.0
2019,67,11.0,2019-08-03,15:00,Arna-Bjørnar,Avaldsnes,1,0,22.4,0.21999999999999997,1.7000000476837158,2.4000000953674316,2.0,3.0,39.0
2019,68,11.0,2019-08-03,15:00,Kolbotn,Trondheims-Ørn,1,1,21.8,0.0,2.200000047683716,1.5,1.0,5.0,39.0
2019,68,11.0,2019-08-03,15:00,Trondheims-Ørn,Kolbotn,2,0,21.9,0.050000000000000044,1.600000023841858,1.100000023841858,0.5,10.0,18.0
2019,69,11.0,2019-08-03,15:00,Fart,Stabæk,1,1,21.9,0.09999999999999998,1.7000000476837158,,,,
2019,69,11.0,2019-08-03,15:00,Stabæk,Fart,0,0,24.7,0.13,,1.2999999523162842,0.800000011920929,8.0,23.0
2019,70,11.0,2019-08-03,15:00,LSK Kvinner,Klepp,0,1,25.3,0.050000000000000044,1.0,3.200000047683716,4.699999809265137,1.0,61.0
2019,70,11.0,2019-08-03,15:00,Klepp,LSK Kvinner,1,0,25.0,0.24,0.699999988079071,1.7999999523162842,1.899999976158142,2.0,48.0
2019,71,11.0,2019-08-04,15:00,Røa,Vålerenga,2,1,22.9,0.040000000000000036,1.600000023841858,1.899999976158142,1.0,7.0,32.0
2019,71,11.0,2019-08-04,15:00,Vålerenga,Røa,6,0,25.2,0.4,1.899999976158142,1.7000000476837158,1.100000023841858,6.0,33.0
2019,72,11.0,2019-08-04,15:00,Sandviken,Lyn,2,1,25.3,0.09999999999999998,2.5,1.899999976158142,1.399999976158142,4.0,39.0
2019,72,11.0,2019-08-04,15:00,Lyn,Sandviken,1,0,20.1,0.0,1.2999999523162842,1.2000000476837158,0.5,11.0,12.0
2019,74,12.0,2019-08-10,15:00,Vålerenga,Kolbotn,1,1,25.2,0.4,1.600000023841858,1.7000000476837158,1.100000023841858,6.0,33.0
2019,74,12.0,2019-08-10,15:00,Kolbotn,Vålerenga,0,0,21.8,0.0,1.600000023841858,1.5,1.0,5.0,39.0
2019,75,12.0,2019-08-10,15:00,Stabæk,Avaldsnes,0,1,24.7,0.13,1.7000000476837158,1.2999999523162842,0.800000011920929,8.0,23.0
2019,75,12.0,2019-08-10,15:00,Avaldsnes,Stabæk,0,0,24.4,0.56,1.7000000476837158,1.100000023841858,0.6000000238418579,9.0,21.0
2019,76,12.0,2019-08-10,15:00,Arna-Bjørnar,Fart,3,1,22.4,0.21999999999999997,,2.4000000953674316,2.0,3.0,39.0
2019,76,12.0,2019-08-10,15:00,Fart,Arna-Bjørnar,1,0,21.9,0.09999999999999998,1.2000000476837158,,,,
2019,77,12.0,2019-08-10,16:00,Trondheims-Ørn,Røa,0,1,21.9,0.050000000000000044,1.899999976158142,1.100000023841858,0.5,10.0,18.0
2019,77,12.0,2019-08-10,16:00,Røa,Trondheims-Ørn,1,0,22.9,0.040000000000000036,2.200000047683716,1.899999976158142,1.0,7.0,32.0
2019,78,12.0,2019-08-11,15:00,Klepp,Sandviken,2,1,25.0,0.24,1.2999999523162842,1.7999999523162842,1.899999976158142,2.0,48.0
2019,78,12.0,2019-08-11,15:00,Sandviken,Klepp,3,0,25.3,0.09999999999999998,1.0,1.899999976158142,1.399999976158142,4.0,39.0
2019,80,13.0,2019-08-17,14:00,LSK Kvinner,Vålerenga,2,1,25.3,0.050000000000000044,1.600000023841858,3.200000047683716,4.699999809265137,1.0,61.0
2019,80,13.0,2019-08-17,14:00,Vålerenga,LSK Kvinner,0,0,25.2,0.4,0.699999988079071,1.7000000476837158,1.100000023841858,6.0,33.0
2019,81,13.0,2019-08-17,14:00,Kolbotn,Arna-Bjørnar,0,1,21.8,0.0,1.2000000476837158,1.5,1.0,5.0,39.0
2019,81,13.0,2019-08-17,14:00,Arna-Bjørnar,Kolbotn,2,0,22.4,0.21999999999999997,1.600000023841858,2.4000000953674316,2.0,3.0,39.0
2019,82,13.0,2019-08-17,15:00,Fart,Lyn,2,1,21.9,0.09999999999999998,2.5,,,,
2019,82,13.0,2019-08-17,15:00,Lyn,Fart,2,0,20.1,0.0,,1.2000000476837158,0.5,11.0,12.0
2019,83,13.0,2019-08-17,15:00,Avaldsnes,Klepp,1,1,24.4,0.56,1.0,1.100000023841858,0.6000000238418579,9.0,21.0
2019,83,13.0,2019-08-17,15:00,Klepp,Avaldsnes,3,0,25.0,0.24,1.7000000476837158,1.7999999523162842,1.899999976158142,2.0,48.0
2019,84,13.0,2019-08-17,15:00,Røa,Stabæk,2,1,22.9,0.040000000000000036,1.7000000476837158,1.899999976158142,1.0,7.0,32.0
2019,84,13.0,2019-08-17,15:00,Stabæk,Røa,1,0,24.7,0.13,1.899999976158142,1.2999999523162842,0.800000011920929,8.0,23.0
2019,85,13.0,2019-08-18,15:00,Sandviken,Trondheims-Ørn,1,1,25.3,0.09999999999999998,2.200000047683716,1.899999976158142,1.399999976158142,4.0,39.0
2019,85,13.0,2019-08-18,15:00,Trondheims-Ørn,Sandviken,0,0,21.9,0.050000000000000044,1.2999999523162842,1.100000023841858,0.5,10.0,18.0
2019,87,14.0,2019-08-24,13:00,Klepp,Kolbotn,3,1,25.0,0.24,1.600000023841858,1.7999999523162842,1.899999976158142,2.0,48.0
2019,87,14.0,2019-08-24,13:00,Kolbotn,Klepp,0,0,21.8,0.0,1.0,1.5,1.0,5.0,39.0
2019,88,14.0,2019-08-24,14:00,Trondheims-Ørn,Fart,3,1,21.9,0.050000000000000044,,1.100000023841858,0.5,10.0,18.0
2019,88,14.0,2019-08-24,14:00,Fart,Trondheims-Ørn,0,0,21.9,0.09999999999999998,2.200000047683716,,,,
2019,89,14.0,2019-08-24,14:00,Avaldsnes,Røa,1,1,24.4,0.56,1.899999976158142,1.100000023841858,0.6000000238418579,9.0,21.0
2019,89,14.0,2019-08-24,14:00,Røa,Avaldsnes,0,0,22.9,0.040000000000000036,1.7000000476837158,1.899999976158142,1.0,7.0,32.0
2019,90,14.0,2019-08-24,15:00,Stabæk,Sandviken,0,1,24.7,0.13,1.2999999523162842,1.2999999523162842,0.800000011920929,8.0,23.0
2019,90,14.0,2019-08-24,15:00,Sandviken,Stabæk,2,0,25.3,0.09999999999999998,1.7000000476837158,1.899999976158142,1.399999976158142,4.0,39.0
2019,91,14.0,2019-08-25,13:00,Lyn,Vålerenga,1,1,20.1,0.0,1.600000023841858,1.2000000476837158,0.5,11.0,12.0
2019,91,14.0,2019-08-25,13:00,Vålerenga,Lyn,2,0,25.2,0.4,2.5,1.7000000476837158,1.100000023841858,6.0,33.0
2019,92,14.0,2019-08-25,15:00,Arna-Bjørnar,LSK Kvinner,1,1,22.4,0.21999999999999997,0.699999988079071,2.4000000953674316,2.0,3.0,39.0
2019,92,14.0,2019-08-25,15:00,LSK Kvinner,Arna-Bjørnar,3,0,25.3,0.050000000000000044,1.2000000476837158,3.200000047683716,4.699999809265137,1.0,61.0
2019,94,15.0,2019-09-07,14:00,LSK Kvinner,Trondheims-Ørn,2,1,25.3,0.050000000000000044,2.200000047683716,3.200000047683716,4.699999809265137,1.0,61.0
2019,94,15.0,2019-09-07,14:00,Trondheims-Ørn,LSK Kvinner,0,0,21.9,0.050000000000000044,0.699999988079071,1.100000023841858,0.5,10.0,18.0
2019,95,15.0,2019-09-07,15:00,Vålerenga,Klepp,4,1,25.2,0.4,1.0,1.7000000476837158,1.100000023841858,6.0,33.0
2019,95,15.0,2019-09-07,15:00,Klepp,Vålerenga,0,0,25.0,0.24,1.600000023841858,1.7999999523162842,1.899999976158142,2.0,48.0
2019,96,15.0,2019-09-07,15:00,Fart,Avaldsnes,0,1,21.9,0.09999999999999998,1.7000000476837158,,,,
2019,96,15.0,2019-09-07,15:00,Avaldsnes,Fart,3,0,24.4,0.56,,1.100000023841858,0.6000000238418579,9.0,21.0
2019,97,15.0,2019-09-07,15:00,Arna-Bjørnar,Stabæk,2,1,22.4,0.21999999999999997,1.7000000476837158,2.4000000953674316,2.0,3.0,39.0
2019,97,15.0,2019-09-07,15:00,Stabæk,Arna-Bjørnar,2,0,24.7,0.13,1.2000000476837158,1.2999999523162842,0.800000011920929,8.0,23.0
2019,98,15.0,2019-09-07,16:00,Lyn,Sandviken,1,1,20.1,0.0,1.2999999523162842,1.2000000476837158,0.5,11.0,12.0
2019,98,15.0,2019-09-07,16:00,Sandviken,Lyn,1,0,25.3,0.09999999999999998,2.5,1.899999976158142,1.399999976158142,4.0,39.0
2019,99,15.0,2019-09-09,18:00,Kolbotn,Røa,4,1,21.8,0.0,1.899999976158142,1.5,1.0,5.0,39.0
2019,99,15.0,2019-09-09,18:00,Røa,Kolbotn,4,0,22.9,0.040000000000000036,1.600000023841858,1.899999976158142,1.0,7.0,32.0
2019,101,16.0,2019-09-14,14:00,Røa,Arna-Bjørnar,6,1,22.9,0.040000000000000036,1.2000000476837158,1.899999976158142,1.0,7.0,32.0
2019,101,16.0,2019-09-14,14:00,Arna-Bjørnar,Røa,1,0,22.4,0.21999999999999997,1.899999976158142,2.4000000953674316,2.0,3.0,39.0
2019,102,16.0,2019-09-14,14:00,Sandviken,Vålerenga,3,1,25.3,0.09999999999999998,1.600000023841858,1.899999976158142,1.399999976158142,4.0,39.0
2019,102,16.0,2019-09-14,14:00,Vålerenga,Sandviken,4,0,25.2,0.4,1.2999999523162842,1.7000000476837158,1.100000023841858,6.0,33.0
2019,103,16.0,2019-09-14,15:00,Avaldsnes,Kolbotn,2,1,24.4,0.56,1.600000023841858,1.100000023841858,0.6000000238418579,9.0,21.0
2019,103,16.0,2019-09-14,15:00,Kolbotn,Avaldsnes,1,0,21.8,0.0,1.7000000476837158,1.5,1.0,5.0,39.0
2019,104,16.0,2019-09-14,15:00,Stabæk,Fart,3,1,24.7,0.13,,1.2999999523162842,0.800000011920929,8.0,23.0
2019,104,16.0,2019-09-14,15:00,Fart,Stabæk,0,0,21.9,0.09999999999999998,1.7000000476837158,,,,
2019,105,16.0,2019-09-14,15:00,Trondheims-Ørn,Lyn,1,1,21.9,0.050000000000000044,2.5,1.100000023841858,0.5,10.0,18.0
2019,105,16.0,2019-09-14,15:00,Lyn,Trondheims-Ørn,1,0,20.1,0.0,2.200000047683716,1.2000000476837158,0.5,11.0,12.0
2019,106,16.0,2019-09-15,17:00,Klepp,LSK Kvinner,1,1,25.0,0.24,0.699999988079071,1.7999999523162842,1.899999976158142,2.0,48.0
2019,106,16.0,2019-09-15,17:00,LSK Kvinner,Klepp,1,0,25.3,0.050000000000000044,1.0,3.200000047683716,4.699999809265137,1.0,61.0
2019,108,10.0,2019-09-18,17:15,Lyn,Avaldsnes,2,1,20.1,0.0,1.7000000476837158,1.2000000476837158,0.5,11.0,12.0
2019,108,10.0,2019-09-18,17:15,Avaldsnes,Lyn,3,0,24.4,0.56,2.5,1.100000023841858,0.6000000238418579,9.0,21.0
2019,109,10.0,2019-09-18,17:30,Trondheims-Ørn,LSK Kvinner,0,1,21.9,0.050000000000000044,0.699999988079071,1.100000023841858,0.5,10.0,18.0
2019,109,10.0,2019-09-18,17:30,LSK Kvinner,Trondheims-Ørn,3,0,25.3,0.050000000000000044,2.200000047683716,3.200000047683716,4.699999809265137,1.0,61.0
2019,110,10.0,2019-09-18,19:00,Stabæk,Kolbotn,2,1,24.7,0.13,1.600000023841858,1.2999999523162842,0.800000011920929,8.0,23.0
2019,110,10.0,2019-09-18,19:00,Kolbotn,Stabæk,0,0,21.8,0.0,1.7000000476837158,1.5,1.0,5.0,39.0
2019,112,17.0,2019-09-21,15:00,Lyn,Klepp,2,1,20.1,0.0,1.0,1.2000000476837158,0.5,11.0,12.0
2019,112,17.0,2019-09-21,15:00,Klepp,Lyn,1,0,25.0,0.24,2.5,1.7999999523162842,1.899999976158142,2.0,48.0
2019,113,17.0,2019-09-21,15:00,Vålerenga,Trondheims-Ørn,3,1,25.2,0.4,2.200000047683716,1.7000000476837158,1.100000023841858,6.0,33.0
2019,113,17.0,2019-09-21,15:00,Trondheims-Ørn,Vålerenga,1,0,21.9,0.050000000000000044,1.600000023841858,1.100000023841858,0.5,10.0,18.0
2019,114,17.0,2019-09-21,15:00,Fart,Røa,1,1,21.9,0.09999999999999998,1.899999976158142,,,,
2019,114,17.0,2019-09-21,15:00,Røa,Fart,1,0,22.9,0.040000000000000036,,1.899999976158142,1.0,7.0,32.0
2019,115,17.0,2019-09-21,15:00,Arna-Bjørnar,Avaldsnes,0,1,22.4,0.21999999999999997,1.7000000476837158,2.4000000953674316,2.0,3.0,39.0
2019,115,17.0,2019-09-21,15:00,Avaldsnes,Arna-Bjørnar,2,0,24.4,0.56,1.2000000476837158,1.100000023841858,0.6000000238418579,9.0,21.0
2019,116,17.0,2019-09-21,15:00,Kolbotn,Stabæk,3,1,21.8,0.0,1.7000000476837158,1.5,1.0,5.0,39.0
2019,116,17.0,2019-09-21,15:00,Stabæk,Kolbotn,2,0,24.7,0.13,1.600000023841858,1.2999999523162842,0.800000011920929,8.0,23.0
2019,117,17.0,2019-09-21,17:00,LSK Kvinner,Sandviken,2,1,25.3,0.050000000000000044,1.2999999523162842,3.200000047683716,4.699999809265137,1.0,61.0
2019,117,17.0,2019-09-21,17:00,Sandviken,LSK Kvinner,0,0,25.3,0.09999999999999998,0.699999988079071,1.899999976158142,1.399999976158142,4.0,39.0
2019,119,10.0,2019-09-25,16:00,Arna-Bjørnar,Røa,2,1,22.4,0.21999999999999997,1.899999976158142,2.4000000953674316,2.0,3.0,39.0
2019,119,10.0,2019-09-25,16:00,Røa,Arna-Bjørnar,2,0,22.9,0.040000000000000036,1.2000000476837158,1.899999976158142,1.0,7.0,32.0
2019,120,10.0,2019-09-25,17:00,Klepp,Fart,4,1,25.0,0.24,,1.7999999523162842,1.899999976158142,2.0,48.0
2019,120,10.0,2019-09-25,17:00,Fart,Klepp,0,0,21.9,0.09999999999999998,1.0,,,,
2019,122,18.0,2019-09-28,15:00,Stabæk,Vålerenga,1,1,24.7,0.13,1.600000023841858,1.2999999523162842,0.800000011920929,8.0,23.0
2019,122,18.0,2019-09-28,15:00,Vålerenga,Stabæk,3,0,25.2,0.4,1.7000000476837158,1.7000000476837158,1.100000023841858,6.0,33.0
2019,123,18.0,2019-09-28,15:00,Avaldsnes,Lyn,3,1,24.4,0.56,2.5,1.100000023841858,0.6000000238418579,9.0,21.0
2019,123,18.0,2019-09-28,15:00,Lyn,Avaldsnes,1,0,20.1,0.0,1.7000000476837158,1.2000000476837158,0.5,11.0,12.0
2019,124,18.0,2019-09-29,15:00,Klepp,Trondheims-Ørn,2,1,25.0,0.24,2.200000047683716,1.7999999523162842,1.899999976158142,2.0,48.0
2019,124,18.0,2019-09-29,15:00,Trondheims-Ørn,Klepp,3,0,21.9,0.050000000000000044,1.0,1.100000023841858,0.5,10.0,18.0
2019,125,18.0,2019-09-29,15:00,Røa,LSK Kvinner,0,1,22.9,0.040000000000000036,0.699999988079071,1.899999976158142,1.0,7.0,32.0
2019,125,18.0,2019-09-29,15:00,LSK Kvinner,Røa,1,0,25.3,0.050000000000000044,1.899999976158142,3.200000047683716,4.699999809265137,1.0,61.0
2019,126,18.0,2019-09-29,16:30,Sandviken,Arna-Bjørnar,2,1,25.3,0.09999999999999998,1.2000000476837158,1.899999976158142,1.399999976158142,4.0,39.0
2019,126,18.0,2019-09-29,16:30,Arna-Bjørnar,Sandviken,0,0,22.4,0.21999999999999997,1.2999999523162842,2.4000000953674316,2.0,3.0,39.0
2019,128,19.0,2019-10-12,13:00,Trondheims-Ørn,Kolbotn,4,1,21.9,0.050000000000000044,1.600000023841858,1.100000023841858,0.5,10.0,18.0
2019,128,19.0,2019-10-12,13:00,Kolbotn,Trondheims-Ørn,0,0,21.8,0.0,2.200000047683716,1.5,1.0,5.0,39.0
2019,129,19.0,2019-10-12,14:00,LSK Kvinner,Avaldsnes,2,1,25.3,0.050000000000000044,1.7000000476837158,3.200000047683716,4.699999809265137,1.0,61.0
2019,129,19.0,2019-10-12,14:00,Avaldsnes,LSK Kvinner,1,0,24.4,0.56,0.699999988079071,1.100000023841858,0.6000000238418579,9.0,21.0
2019,130,19.0,2019-10-12,14:00,Klepp,Stabæk,5,1,25.0,0.24,1.7000000476837158,1.7999999523162842,1.899999976158142,2.0,48.0
2019,130,19.0,2019-10-12,14:00,Stabæk,Klepp,0,0,24.7,0.13,1.0,1.2999999523162842,0.800000011920929,8.0,23.0
2019,131,19.0,2019-10-12,15:00,Vålerenga,Røa,1,1,25.2,0.4,1.899999976158142,1.7000000476837158,1.100000023841858,6.0,33.0
2019,131,19.0,2019-10-12,15:00,Røa,Vålerenga,1,0,22.9,0.040000000000000036,1.600000023841858,1.899999976158142,1.0,7.0,32.0
2019,132,19.0,2019-10-12,15:00,Sandviken,Fart,2,1,25.3,0.09999999999999998,,1.899999976158142,1.399999976158142,4.0,39.0
2019,132,19.0,2019-10-12,15:00,Fart,Sandviken,0,0,21.9,0.09999999999999998,1.2999999523162842,,,,
2019,133,19.0,2019-10-13,14:00,Lyn,Arna-Bjørnar,4,1,20.1,0.0,1.2000000476837158,1.2000000476837158,0.5,11.0,12.0
2019,133,19.0,2019-10-13,14:00,Arna-Bjørnar,Lyn,5,0,22.4,0.21999999999999997,2.5,2.4000000953674316,2.0,3.0,39.0
2019,135,18.0,2019-10-15,13:00,Kolbotn,Fart,4,1,21.8,0.0,,1.5,1.0,5.0,39.0
2019,135,18.0,2019-10-15,13:00,Fart,Kolbotn,0,0,21.9,0.09999999999999998,1.600000023841858,,,,
2019,137,20.0,2019-10-19,15:00,Avaldsnes,Sandviken,3,1,24.4,0.56,1.2999999523162842,1.100000023841858,0.6000000238418579,9.0,21.0
2019,137,20.0,2019-10-19,15:00,Sandviken,Avaldsnes,2,0,25.3,0.09999999999999998,1.7000000476837158,1.899999976158142,1.399999976158142,4.0,39.0
2019,138,20.0,2019-10-19,15:00,Stabæk,Lyn,1,1,24.7,0.13,2.5,1.2999999523162842,0.800000011920929,8.0,23.0
2019,138,20.0,2019-10-19,15:00,Lyn,Stabæk,0,0,20.1,0.0,1.7000000476837158,1.2000000476837158,0.5,11.0,12.0
2019,139,20.0,2019-10-19,15:00,Røa,Klepp,1,1,22.9,0.040000000000000036,1.0,1.899999976158142,1.0,7.0,32.0
2019,139,20.0,2019-10-19,15:00,Klepp,Røa,4,0,25.0,0.24,1.899999976158142,1.7999999523162842,1.899999976158142,2.0,48.0
2019,140,20.0,2019-10-19,15:00,Fart,Vålerenga,0,1,21.9,0.09999999999999998,1.600000023841858,,,,
2019,140,20.0,2019-10-19,15:00,Vålerenga,Fart,1,0,25.2,0.4,,1.7000000476837158,1.100000023841858,6.0,33.0
2019,141,20.0,2019-10-20,14:00,Arna-Bjørnar,Trondheims-Ørn,0,1,22.4,0.21999999999999997,2.200000047683716,2.4000000953674316,2.0,3.0,39.0
2019,141,20.0,2019-10-20,14:00,Trondheims-Ørn,Arna-Bjørnar,0,0,21.9,0.050000000000000044,1.2000000476837158,1.100000023841858,0.5,10.0,18.0
2019,142,20.0,2019-10-20,15:00,Kolbotn,LSK Kvinner,2,1,21.8,0.0,0.699999988079071,1.5,1.0,5.0,39.0
2019,142,20.0,2019-10-20,15:00,LSK Kvinner,Kolbotn,2,0,25.3,0.050000000000000044,1.600000023841858,3.200000047683716,4.699999809265137,1.0,61.0
2019,144,21.0,2019-11-02,13:00,Sandviken,Kolbotn,2,1,25.3,0.09999999999999998,1.600000023841858,1.899999976158142,1.399999976158142,4.0,39.0
2019,144,21.0,2019-11-02,13:00,Kolbotn,Sandviken,2,0,21.8,0.0,1.2999999523162842,1.5,1.0,5.0,39.0
2019,145,21.0,2019-11-02,13:00,Klepp,Arna-Bjørnar,4,1,25.0,0.24,1.2000000476837158,1.7999999523162842,1.899999976158142,2.0,48.0
2019,145,21.0,2019-11-02,13:00,Arna-Bjørnar,Klepp,0,0,22.4,0.21999999999999997,1.0,2.4000000953674316,2.0,3.0,39.0
2019,146,21.0,2019-11-02,13:00,Lyn,Røa,1,1,20.1,0.0,1.899999976158142,1.2000000476837158,0.5,11.0,12.0
2019,146,21.0,2019-11-02,13:00,Røa,Lyn,1,0,22.9,0.040000000000000036,2.5,1.899999976158142,1.0,7.0,32.0
2019,147,21.0,2019-11-02,13:00,Trondheims-Ørn,Stabæk,3,1,21.9,0.050000000000000044,1.7000000476837158,1.100000023841858,0.5,10.0,18.0
2019,147,21.0,2019-11-02,13:00,Stabæk,Trondheims-Ørn,1,0,24.7,0.13,2.200000047683716,1.2999999523162842,0.800000011920929,8.0,23.0
2019,148,21.0,2019-11-02,13:00,LSK Kvinner,Fart,1,1,25.3,0.050000000000000044,,3.200000047683716,4.699999809265137,1.0,61.0
2019,148,21.0,2019-11-02,13:00,Fart,LSK Kvinner,2,0,21.9,0.09999999999999998,0.699999988079071,,,,
2019,149,21.0,2019-11-02,13:00,Vålerenga,Avaldsnes,1,1,25.2,0.4,1.7000000476837158,1.7000000476837158,1.100000023841858,6.0,33.0
2019,149,21.0,2019-11-02,13:00,Avaldsnes,Vålerenga,1,0,24.4,0.56,1.600000023841858,1.100000023841858,0.6000000238418579,9.0,21.0
2019,151,22.0,2019-11-16,13:00,Avaldsnes,Trondheims-Ørn,0,1,24.4,0.56,2.200000047683716,1.100000023841858,0.6000000238418579,9.0,21.0
2019,151,22.0,2019-11-16,13:00,Trondheims-Ørn,Avaldsnes,1,0,21.9,0.050000000000000044,1.7000000476837158,1.100000023841858,0.5,10.0,18.0
2019,152,22.0,2019-11-16,13:00,Røa,Sandviken,2,1,22.9,0.040000000000000036,1.2999999523162842,1.899999976158142,1.0,7.0,32.0
2019,152,22.0,2019-11-16,13:00,Sandviken,Røa,2,0,25.3,0.09999999999999998,1.899999976158142,1.899999976158142,1.399999976158142,4.0,39.0
2019,153,22.0,2019-11-16,13:00,Stabæk,LSK Kvinner,2,1,24.7,0.13,0.699999988079071,1.2999999523162842,0.800000011920929,8.0,23.0
2019,153,22.0,2019-11-16,13:00,LSK Kvinner,Stabæk,2,0,25.3,0.050000000000000044,1.7000000476837158,3.200000047683716,4.699999809265137,1.0,61.0
2019,154,22.0,2019-11-16,13:00,Kolbotn,Lyn,0,1,21.8,0.0,2.5,1.5,1.0,5.0,39.0
2019,154,22.0,2019-11-16,13:00,Lyn,Kolbotn,0,0,20.1,0.0,1.600000023841858,1.2000000476837158,0.5,11.0,12.0
2019,155,22.0,2019-11-16,13:00,Arna-Bjørnar,Vålerenga,0,1,22.4,0.21999999999999997,1.600000023841858,2.4000000953674316,2.0,3.0,39.0
2019,155,22.0,2019-11-16,13:00,Vålerenga,Arna-Bjørnar,2,0,25.2,0.4,1.2000000476837158,1.7000000476837158,1.100000023841858,6.0,33.0
2019,156,22.0,2019-11-16,13:00,Fart,Klepp,1,1,21.9,0.09999999999999998,1.0,,,,
2019,156,22.0,2019-11-16,13:00,Klepp,Fart,6,0,25.0,0.24,,1.7999999523162842,1.899999976158142,2.0,48.0
2019,158,,2019-11-24,16:00,IF Fløya,Lyn,0,1,,,2.5,,,,
2019,158,,2019-11-24,16:00,Lyn,IF Fløya,5,0,20.1,0.0,,1.2000000476837158,0.5,11.0,12.0
2019,159,,2019-12-01,12:00,Lyn,IF Fløya,2,1,20.1,0.0,,1.2000000476837158,0.5,11.0,12.0
2019,159,,2019-12-01,12:00,IF Fløya,Lyn,1,0,,,2.5,,,,
